uniprot_pos,uniprot_aa,pdb_chain,pdb_modeled_index,pdb_resseq,pdb_icode,pdb_aa,match,is_mature,idx_mature,min_dist_to_partner,sasa_complex,sasa_monomer,delta_sasa,label_dist,label_sasa,label_epitope
1,M,E,1.0,29,,A,0.0,False,,10.037153244018555,117.62243532198082,117.62243532198082,0.0,0,0,
2,A,E,2.0,30,,A,1.0,False,,7.517938613891602,82.60208413639563,82.60208413639563,0.0,0,0,
3,K,,,,,,,False,,,,,,0,0,
4,L,,,,,,,False,,,,,,0,0,
5,T,,,,,,,False,,,,,,0,0,
6,I,,,,,,,False,,,,,,0,0,
7,L,,,,,,,False,,,,,,0,0,
8,V,,,,,,,False,,,,,,0,0,
9,A,,,,,,,False,,,,,,0,0,
10,L,,,,,,,False,,,,,,0,0,
11,A,,,,,,,False,,,,,,0,0,
12,L,,,,,,,False,,,,,,0,0,
13,F,,,,,,,False,,,,,,0,0,
14,L,,,,,,,False,,,,,,0,0,
15,L,,,,,,,False,,,,,,0,0,
16,A,,,,,,,False,,,,,,0,0,
17,A,,,,,,,False,,,,,,0,0,
18,H,,,,,,,False,,,,,,0,0,
19,A,,,,,,,False,,,,,,0,0,
20,S,,,,,,,False,,,,,,0,0,
21,A,,,,,,,False,,,,,,0,0,
22,R,,,,,,,True,1.0,,,,,0,0,
23,Q,,,,,,,True,2.0,,,,,0,0,
24,Q,,,,,,,True,3.0,,,,,0,0,
25,W,,,,,,,True,4.0,,,,,0,0,
26,E,,,,,,,True,5.0,,,,,0,0,
27,L,,,,,,,True,6.0,,,,,0,0,
28,Q,,,,,,,True,7.0,,,,,0,0,
29,G,,,,,,,True,8.0,,,,,0,0,
30,D,,,,,,,True,9.0,,,,,0,0,
31,R,E,3.0,31,,R,1.0,True,10.0,5.2503557205200195,46.483042601626416,60.83841200212822,14.355369400501807,0,1,0
32,R,E,4.0,32,,R,1.0,True,11.0,7.047442436218262,58.4010261913965,58.4010261913965,0.0,0,0,0
33,C,E,5.0,33,,C,1.0,True,12.0,5.362983703613281,10.8337822659044,10.8337822659044,0.0,0,0,0
34,Q,E,6.0,34,,Q,1.0,True,13.0,3.3167500495910645,30.626419169309585,114.94075926650598,84.31434009719639,1,1,1
35,S,E,7.0,35,,S,1.0,True,14.0,3.3799147605895996,20.647954352900925,55.07081231488518,34.422857961984256,1,1,1
36,Q,E,8.0,36,,Q,1.0,True,15.0,6.30094575881958,66.10548058143073,70.4134460563335,4.3079654749027725,0,1,0
37,L,E,9.0,37,,L,1.0,True,16.0,3.1607210636138916,0.0,14.47364408072415,14.47364408072415,1,1,1
38,E,E,10.0,38,,E,1.0,True,17.0,2.8365304470062256,8.844010576456155,158.6696429869539,149.82563241049775,1,1,1
39,R,E,11.0,39,,R,1.0,True,18.0,2.943995237350464,76.9051954165996,180.87776251711,103.9725671005104,1,1,1
40,A,E,12.0,40,,A,1.0,True,19.0,3.34283447265625,0.0,32.6884474897904,32.6884474897904,1,1,1
41,N,E,13.0,41,,N,1.0,True,20.0,3.4157068729400635,11.392043280447309,72.71550462191918,61.32346134147187,1,1,1
42,L,E,14.0,42,,L,1.0,True,21.0,3.802138566970825,0.0,20.18756023270265,20.18756023270265,1,1,1
43,R,E,15.0,43,,R,1.0,True,22.0,2.3014655113220215,37.228815422835126,141.3273729551251,104.09855753228997,1,1,1
44,P,E,16.0,44,,P,1.0,True,23.0,4.756982326507568,6.038141080199582,10.868653944359247,4.830512864159665,0,1,0
45,C,E,17.0,45,,C,1.0,True,24.0,6.948594093322754,0.0,0.0,0.0,0,0,0
46,E,E,18.0,46,,E,1.0,True,25.0,2.3750925064086914,15.408933912809674,27.1949831774996,11.786049264689927,1,1,1
47,Q,E,19.0,47,,Q,1.0,True,26.0,5.2431416511535645,70.02367493898791,75.46948757390908,5.445812634921168,0,1,0
48,H,E,20.0,48,,H,1.0,True,27.0,10.264985084533691,11.940112968421968,18.593553819383033,6.653440850961065,0,1,0
49,L,E,21.0,49,,L,1.0,True,28.0,8.865901947021484,1.2076282160399163,1.2076282160399163,0.0,0,0,0
50,M,E,22.0,50,,M,1.0,True,29.0,10.262953758239746,64.28296728485961,64.28296728485961,0.0,0,0,0
51,Q,E,23.0,51,,Q,1.0,True,30.0,12.90301513671875,46.460913222974526,48.87616965505437,2.4152564320798433,0,1,0
52,K,E,24.0,52,,K,1.0,True,31.0,9.260677337646484,51.38757138870466,51.38757138870466,0.0,0,0,0
53,I,E,25.0,53,,I,1.0,True,32.0,11.472057342529297,63.96850642660587,63.96850642660587,0.0,0,0,0
54,Q,E,26.0,54,,Q,1.0,True,33.0,13.856911659240723,87.28616108378617,87.28616108378617,0.0,0,0,0
55,R,E,27.0,55,,R,1.0,True,34.0,10.589360237121582,140.03118952536573,140.03118952536573,0.0,0,0,0
56,D,,,,,,,True,35.0,,,,,0,0,
57,E,,,,,,,True,36.0,,,,,0,0,
58,D,,,,,,,True,37.0,,,,,0,0,
59,S,,,,,,,True,38.0,,,,,0,0,
60,Y,,,,,,,True,39.0,,,,,0,0,
61,G,,,,,,,True,40.0,,,,,0,0,
62,R,,,,,,,True,41.0,,,,,0,0,
63,D,,,,,,,True,42.0,,,,,0,0,
64,P,,,,,,,True,43.0,,,,,0,0,
65,Y,,,,,,,True,44.0,,,,,0,0,
66,S,,,,,,,True,45.0,,,,,0,0,
67,P,,,,,,,True,46.0,,,,,0,0,
68,S,,,,,,,True,47.0,,,,,0,0,
69,Q,,,,,,,True,48.0,,,,,0,0,
70,D,,,,,,,True,49.0,,,,,0,0,
71,P,,,,,,,True,50.0,,,,,0,0,
72,Y,,,,,,,True,51.0,,,,,0,0,
73,S,,,,,,,True,52.0,,,,,0,0,
74,P,,,,,,,True,53.0,,,,,0,0,
75,S,,,,,,,True,54.0,,,,,0,0,
76,Q,,,,,,,True,55.0,,,,,0,0,
77,D,,,,,,,True,56.0,,,,,0,0,
78,P,,,,,,,True,57.0,,,,,0,0,
79,D,,,,,,,True,58.0,,,,,0,0,
80,R,,,,,,,True,59.0,,,,,0,0,
81,R,,,,,,,True,60.0,,,,,0,0,
82,D,,,,,,,True,61.0,,,,,0,0,
83,P,,,,,,,True,62.0,,,,,0,0,
84,Y,,,,,,,True,63.0,,,,,0,0,
85,S,,,,,,,True,64.0,,,,,0,0,
86,P,,,,,,,True,65.0,,,,,0,0,
87,S,,,,,,,True,66.0,,,,,0,0,
88,P,,,,,,,True,67.0,,,,,0,0,
89,Y,,,,,,,True,68.0,,,,,0,0,
90,D,,,,,,,True,69.0,,,,,0,0,
91,R,,,,,,,True,70.0,,,,,0,0,
92,R,,,,,,,True,71.0,,,,,0,0,
93,G,,,,,,,True,72.0,,,,,0,0,
94,A,,,,,,,True,73.0,,,,,0,0,
95,G,,,,,,,True,74.0,,,,,0,0,
96,S,,,,,,,True,75.0,,,,,0,0,
97,S,E,28.0,85,,S,1.0,True,76.0,12.414721488952637,97.24502236203645,105.15374310640708,7.908720744370626,0,1,0
98,Q,E,29.0,86,,Q,1.0,True,77.0,9.121784210205078,100.65011924103872,100.65011924103872,0.0,0,0,0
99,H,E,30.0,87,,H,1.0,True,78.0,7.81403112411499,56.02747754338573,58.214654348814946,2.1871768054292176,0,1,0
100,Q,E,31.0,88,,Q,1.0,True,79.0,10.789989471435547,42.350315164940895,42.350315164940895,0.0,0,0,0
101,E,E,32.0,89,,E,1.0,True,80.0,11.066143989562988,115.04551253194725,115.04551253194725,0.0,0,0,0
102,R,E,33.0,90,,R,1.0,True,81.0,5.208203315734863,140.91802343236236,149.78077046740452,8.862747035042162,0,1,0
103,C,E,34.0,91,,C,1.0,True,82.0,9.179813385009766,0.0,0.0,0.0,0,0,0
104,C,E,35.0,92,,C,1.0,True,83.0,11.869784355163574,26.84965931301701,26.84965931301701,0.0,0,0,0
105,N,E,36.0,93,,N,1.0,True,84.0,11.470794677734375,105.31288362386734,105.31288362386734,0.0,0,0,0
106,E,E,37.0,94,,E,1.0,True,85.0,6.62526273727417,49.55945349083953,53.84528958709041,4.285836096250883,0,1,0
107,L,E,38.0,95,,L,1.0,True,86.0,8.738271713256836,0.0,0.0,0.0,0,0,0
108,N,E,39.0,96,,N,1.0,True,87.0,9.540810585021973,77.62766119596034,78.69912022002306,1.0714590240627189,0,1,0
109,E,E,40.0,97,,E,1.0,True,88.0,9.472661018371582,90.97363687686374,111.21308365383305,20.239446776969316,0,1,0
110,F,E,41.0,98,,F,1.0,True,89.0,6.723447799682617,0.0,1.2076282160399163,1.2076282160399163,0,1,0
111,E,E,42.0,99,,E,1.0,True,90.0,4.736912250518799,34.18630860153955,44.923028220818644,10.736719619279093,0,1,0
112,N,E,43.0,100,,N,1.0,True,91.0,3.08095121383667,48.69487462620101,120.73631912836598,72.04144450216496,1,1,1
113,N,E,44.0,101,,N,1.0,True,92.0,5.139077663421631,63.051085973533986,76.95029612073455,13.899210147200563,0,1,0
114,Q,E,45.0,102,,Q,1.0,True,93.0,3.08091402053833,9.410816723016826,92.00864085977422,82.5978241367574,1,1,1
115,R,E,46.0,103,,R,1.0,True,94.0,6.903016090393066,125.89203709765462,125.89203709765462,0.0,0,0,0
116,C,E,47.0,104,,C,1.0,True,95.0,8.225714683532715,1.2076282160399163,1.2076282160399163,0.0,0,0,0
117,M,E,48.0,105,,M,1.0,True,96.0,6.028752326965332,1.2076282160399163,1.2076282160399163,0.0,0,0,0
118,C,E,49.0,106,,C,1.0,True,97.0,6.548637866973877,17.85681264300439,17.85681264300439,0.0,0,0,0
119,E,E,50.0,107,,E,1.0,True,98.0,5.20044469833374,70.20740784374046,72.35032589186591,2.142918048125452,0,1,0
120,A,E,51.0,108,,A,1.0,True,99.0,4.937299728393555,0.0,0.0,0.0,0,0,0
121,L,E,52.0,109,,L,1.0,True,100.0,4.062107563018799,0.0,6.038141080199582,6.038141080199582,0,1,0
122,Q,E,53.0,110,,Q,1.0,True,101.0,6.379581451416016,50.524588453134164,50.524588453134164,0.0,0,0,0
123,Q,E,54.0,111,,Q,1.0,True,102.0,2.7097997665405273,3.3948050214691308,73.26780917679088,69.87300415532175,1,1,1
124,I,E,55.0,112,,I,1.0,True,103.0,3.536835193634033,0.0,2.4152564320798326,2.4152564320798326,1,1,1
125,M,E,56.0,113,,M,1.0,True,104.0,5.718394756317139,1.2076282160399163,1.2076282160399163,0.0,0,0,0
126,E,E,57.0,114,,E,1.0,True,105.0,2.753972291946411,58.55752777102773,107.45402981373613,48.8965020427084,1,1,1
127,N,E,58.0,115,,N,1.0,True,106.0,2.506667137145996,4.3522242322065425,81.20968000684218,76.85745577463564,1,1,1
128,Q,E,59.0,116,,Q,1.0,True,107.0,5.515092372894287,17.1876031423073,17.1876031423073,0.0,0,0,0
129,S,E,60.0,117,,S,1.0,True,108.0,5.213932514190674,58.693696963004925,60.83661501113037,2.142918048125445,0,1,0
130,D,E,61.0,118,,D,1.0,True,109.0,3.7168161869049072,64.74973255495937,93.73280973991734,28.983077184957978,1,1,1
131,R,E,62.0,119,,R,1.0,True,110.0,2.6532530784606934,86.02493729707602,187.88950829339828,101.86457099632226,1,1,1
132,L,E,63.0,120,,L,1.0,True,111.0,8.63659954071045,40.88740112987026,40.88740112987026,0.0,0,0,0
133,Q,E,64.0,121,,Q,1.0,True,112.0,10.249041557312012,169.8277507120443,169.8277507120443,0.0,0,0,0
134,G,E,65.0,122,,G,1.0,True,113.0,12.660625457763672,21.48709888341599,26.317611747575654,4.830512864159665,0,1,0
135,R,E,66.0,123,,R,1.0,True,114.0,9.504985809326172,82.41402840015175,85.80883342162088,3.394805021469125,0,1,0
136,Q,E,67.0,124,,Q,1.0,True,115.0,9.082879066467285,143.81826637193274,153.09291390297236,9.27464753103962,0,1,0
137,Q,E,68.0,125,,Q,1.0,True,116.0,10.450959205627441,80.02003426715143,87.52024743559048,7.500213168439046,0,1,0
138,E,E,69.0,126,,E,1.0,True,117.0,8.423874855041504,55.73376376301631,55.73376376301631,0.0,0,0,0
139,Q,E,70.0,127,,Q,1.0,True,118.0,4.526492118835449,55.99084657304488,77.97665444066233,21.985807867617453,0,1,0
140,Q,E,71.0,128,,Q,1.0,True,119.0,7.00600528717041,37.43647469723741,37.43647469723741,0.0,0,0,0
141,F,E,72.0,129,,F,1.0,True,120.0,7.62472677230835,1.2076282160399163,1.2076282160399163,0.0,0,0,0
142,K,E,73.0,130,,K,1.0,True,121.0,6.531620025634766,5.467942013573036,5.467942013573036,0.0,0,0,0
143,R,E,74.0,131,,R,1.0,True,122.0,2.9014673233032227,101.50203120409799,145.6370474564314,44.1350162523334,1,1,1
144,E,E,75.0,132,,E,1.0,True,123.0,7.287394046783447,49.42328429886234,49.42328429886234,0.0,0,0,0
145,L,E,76.0,133,,L,1.0,True,124.0,5.539712905883789,0.0,0.0,0.0,0,0,0
146,R,E,77.0,134,,R,1.0,True,125.0,3.414909839630127,1.0935884027146072,112.83363024189023,111.74004183917563,1,1,1
147,N,E,78.0,135,,N,1.0,True,126.0,5.306992530822754,36.29436753758077,66.43138940331414,30.137021865733374,0,1,0
148,L,E,79.0,136,,L,1.0,True,127.0,6.950860500335693,0.0,0.0,0.0,0,0,0
149,P,E,80.0,137,,P,1.0,True,128.0,4.9827656745910645,0.0,0.0,0.0,0,0,0
150,Q,E,81.0,138,,Q,1.0,True,129.0,2.893705368041992,42.754587873975446,131.5266343183153,88.77204644433985,1,1,1
151,Q,E,82.0,139,,Q,1.0,True,130.0,6.143106937408447,101.38366855928135,101.38366855928135,0.0,0,0,0
152,C,E,83.0,140,,C,1.0,True,131.0,8.09022045135498,29.474070417602235,29.474070417602235,0.0,0,0,0
153,G,E,84.0,141,,G,1.0,True,132.0,7.2638726234436035,51.483716690275116,51.483716690275116,0.0,0,0,0
154,L,E,85.0,142,,L,1.0,True,133.0,3.720905303955078,19.576495328838206,22.79087240102637,3.2143770721881637,1,1,1
155,R,E,86.0,143,,R,1.0,True,134.0,3.030039072036743,60.92351146392867,159.03328861979224,98.10977715586358,1,1,1
156,A,E,87.0,144,,A,1.0,True,135.0,2.7529618740081787,0.0,46.785980098026776,46.785980098026776,1,1,1
157,P,E,88.0,145,,P,1.0,True,136.0,3.3088631629943848,0.0,17.437812147609804,17.437812147609804,1,1,1
158,Q,E,89.0,146,,Q,1.0,True,137.0,2.6101813316345215,0.0,160.09610198087228,160.09610198087228,1,1,1
159,R,E,90.0,147,,R,1.0,True,138.0,2.6627840995788574,60.111598258534926,220.12782838778233,160.0162301292474,1,1,1
160,C,E,91.0,148,,C,1.0,True,139.0,2.987452745437622,3.5088448347944396,34.367578497651685,30.858733662857247,1,1,1
161,D,E,92.0,149,,D,1.0,True,140.0,4.539817810058594,90.77795335365694,96.42971623657681,5.6517628829198685,0,1,0
162,L,E,93.0,150,,L,1.0,True,141.0,4.426370143890381,1.2076282160399163,4.602433237509047,3.3948050214691303,0,1,0
163,E,E,94.0,151,,D,0.0,True,142.0,7.120761871337891,85.36189788435058,98.21940617310322,12.85750828875264,0,1,0
164,V,E,95.0,152,,V,1.0,True,143.0,8.006434440612793,106.99882560460159,106.99882560460159,0.0,0,0,0
165,E,,,,,,,True,144.0,,,,,0,0,
166,S,,,,,,,True,145.0,,,,,0,0,
167,G,,,,,,,True,146.0,,,,,0,0,
168,G,,,,,,,True,147.0,,,,,0,0,
169,R,,,,,,,True,148.0,,,,,0,0,
170,D,,,,,,,True,149.0,,,,,0,0,
171,R,,,,,,,True,150.0,,,,,0,0,
172,Y,,,,,,,True,151.0,,,,,0,0,
